ccaa,centil_hijo_loess
Cataluna,54.53267772895142
Aragon,53.611168123268975
"La Rioja",52.26429740390724
Madrid,51.525951316842
"Illes Balears",51.43514630712429
"Castilla y Leon,48.55616356993866
"Castilla La Mancha,48.269473740692064
Cantabria,47.294486836461516
Galicia,45.65694734548401
Asturias,44.836450964893515
Valencia,44.26266339103828
Murcia,43.83130800296368
Extremadura,40.21112005717551
Canarias,40.17135646220216
Andalucia,39.04138445927376